vp:unlock	Введите пароль
vp:wrong	Неверный пароль. Попробуйте ещё раз.
vp:caps	Включён Caps Lock
vp:layout	раскладка: EN
vp:intro	Задайте пароль диска. Он нужен при каждом включении. Не записывайте его рядом с сервером.
vp:new	Придумайте пароль диска
vp:repeat	Повторите пароль
vp:latin	Только латинские буквы, цифры и знаки: при включении действует английская раскладка.
vp:short	Пароль короче 12 символов.
vp:trivial	Слишком простая последовательность символов.
vp:common	Этот пароль слишком распространён.
vp:context	Пароль не должен содержать имя шлюза.
vp:mismatch	Пароли не совпали. Попробуйте ещё раз.
vp:done	Пароль задан. Загрузка продолжается.
vp:failed	Не удалось задать пароль. Шлюз выключится — включите его снова, и шаг повторится.
vp:current	Текущий пароль диска
vp:change-intro	Смена пароля диска. Введите текущий пароль, затем новый. Оставьте поле пустым и нажмите Enter, чтобы не менять.
vp:current-wrong	Текущий пароль не подошёл. Попробуйте ещё раз.
vp:same	Новый пароль совпадает с прежним. Придумайте другой.
vp:changed	Пароль диска изменён. Загрузка продолжается.
vp:kept	Пароль диска не изменён. Загрузка продолжается.
vp:change-failed	Смена не завершена. Диск откроет прежний или новый пароль, смена повторится при следующем включении.
